Time,TraceSource,NodeId,MsgType,TxRemaining,PacketHex,PacketLength
7.660709845,USMsgRx,3880,2,0,ffffffffffffffff,8
8.492682669,USMsgRx,941,2,0,feffffffffffffff,8
16.046193320,USMsgRx,2371,2,0,fcffffffffffffff,8
16.328654838,USMsgRx,1203,2,0,fbffffffffffffff,8
23.847766178,USMsgRx,2979,2,0,faffffffffffffff,8
25.897073286,USMsgRx,1274,2,0,f9ffffffffffffff,8
43.747121379,USMsgRx,2578,2,0,f7ffffffffffffff,8
49.615964789,USMsgRx,4370,2,0,f6ffffffffffffff,8
51.088943178,USMsgRx,1839,2,0,f4ffffffffffffff,8
62.496523728,USMsgRx,3352,2,0,f3ffffffffffffff,8
62.669945425,USMsgRx,4203,2,0,f1ffffffffffffff,8
67.710792775,USMsgRx,1738,2,0,efffffffffffffff,8
69.973084639,USMsgRx,1230,2,0,eeffffffffffffff,8
71.750441844,USMsgRx,4865,2,0,edffffffffffffff,8
74.552891657,USMsgRx,2833,2,0,ecffffffffffffff,8
77.031589365,USMsgRx,603,2,0,ebffffffffffffff,8
77.397153326,USMsgRx,310,2,0,eaffffffffffffff,8
79.078043229,USMsgRx,613,2,0,e9ffffffffffffff,8
79.800457995,USMsgRx,893,2,0,e8ffffffffffffff,8
81.243911654,USMsgRx,3584,2,0,e7ffffffffffffff,8
83.638090938,USMsgRx,2784,2,0,e6ffffffffffffff,8
84.440920289,USMsgRx,4954,2,0,e5ffffffffffffff,8
84.995667140,USMsgRx,4770,2,0,e4ffffffffffffff,8
99.447579760,USMsgRx,2192,2,0,dfffffffffffffff,8
101.059200967,USMsgRx,2553,2,0,ddffffffffffffff,8
102.912712322,USMsgRx,2031,2,0,dbffffffffffffff,8
103.479850220,USMsgRx,4386,2,0,d9ffffffffffffff,8
103.768060456,USMsgRx,1942,2,0,d8ffffffffffffff,8
104.721325037,USMsgRx,2298,2,0,d5ffffffffffffff,8
104.872607662,USMsgRx,2309,2,0,d3ffffffffffffff,8
104.886676955,USMsgRx,2864,2,0,d6ffffffffffffff,8
106.565340946,USMsgRx,2867,2,0,d0ffffffffffffff,8
106.731834830,USMsgRx,3486,2,0,d1ffffffffffffff,8
108.519046123,USMsgRx,4353,2,0,ceffffffffffffff,8
109.645735749,USMsgRx,507,2,0,cfffffffffffffff,8
110.243962094,USMsgRx,3595,2,0,cdffffffffffffff,8
111.841007507,USMsgRx,3325,2,0,ccffffffffffffff,8
112.828326611,USMsgRx,435,2,0,caffffffffffffff,8
113.051895879,USMsgRx,2972,2,0,cbffffffffffffff,8
114.778626796,USMsgRx,79,2,0,c8ffffffffffffff,8
114.851850765,USMsgRx,2900,2,0,c7ffffffffffffff,8
117.716916177,USMsgRx,4027,2,0,c5ffffffffffffff,8
118.158413073,USMsgRx,3091,2,0,c3ffffffffffffff,8
118.577385266,USMsgRx,2296,2,0,c4ffffffffffffff,8
120.327744382,USMsgRx,427,2,0,c1ffffffffffffff,8
121.542411686,USMsgRx,1854,2,0,bfffffffffffffff,8
121.891136452,USMsgRx,1816,2,0,c0ffffffffffffff,8
123.088377112,USMsgRx,2973,2,0,bdffffffffffffff,8
127.441293364,USMsgRx,190,2,0,b8ffffffffffffff,8
127.770708707,USMsgRx,3405,2,0,baffffffffffffff,8
128.627313918,USMsgRx,3601,2,0,b6ffffffffffffff,8
131.169861110,USMsgRx,4997,2,0,b5ffffffffffffff,8
135.924837558,USMsgRx,2616,2,0,b0ffffffffffffff,8
136.895565187,USMsgRx,3374,2,0,aeffffffffffffff,8
136.936990263,USMsgRx,3909,2,0,adffffffffffffff,8
137.972264509,USMsgRx,3444,2,0,acffffffffffffff,8
141.306195310,USMsgRx,1903,2,0,abffffffffffffff,8
142.310548139,USMsgRx,4893,2,0,a9ffffffffffffff,8
142.942643156,USMsgRx,71,2,0,aaffffffffffffff,8
143.992644167,USMsgRx,3113,2,0,a7ffffffffffffff,8
144.215094657,USMsgRx,517,2,0,a6ffffffffffffff,8
147.544283202,USMsgRx,789,2,0,a4ffffffffffffff,8
148.536416447,USMsgRx,4202,2,0,a3ffffffffffffff,8
148.536664235,USMsgRx,2977,2,0,a2ffffffffffffff,8
150.624140362,USMsgRx,647,2,0,a1ffffffffffffff,8
151.209449792,USMsgRx,2802,2,0,a0ffffffffffffff,8
152.008802101,USMsgRx,3960,2,0,9fffffffffffffff,8
153.276787704,USMsgRx,3527,2,0,9effffffffffffff,8
153.457314267,USMsgRx,3660,2,0,9dffffffffffffff,8
154.663158876,USMsgRx,4973,2,0,9bffffffffffffff,8
156.615923952,USMsgRx,2632,2,0,99ffffffffffffff,8
158.424694289,USMsgRx,2130,2,0,98ffffffffffffff,8
161.054525919,USMsgRx,3382,2,0,94ffffffffffffff,8
161.481651793,USMsgRx,1293,2,0,92ffffffffffffff,8
163.860827459,USMsgRx,2853,2,0,91ffffffffffffff,8
165.047559862,USMsgRx,2394,2,0,90ffffffffffffff,8
165.402172455,USMsgRx,508,2,0,8effffffffffffff,8
167.765339561,USMsgRx,2472,2,0,8cffffffffffffff,8
169.610168218,USMsgRx,1913,2,0,89ffffffffffffff,8
170.185221707,USMsgRx,811,2,0,8affffffffffffff,8
170.451870065,USMsgRx,1952,2,0,86ffffffffffffff,8
171.256643325,USMsgRx,2787,2,0,85ffffffffffffff,8
172.820425530,USMsgRx,4532,2,0,84ffffffffffffff,8
173.583107044,USMsgRx,1388,2,0,83ffffffffffffff,8
174.888892929,USMsgRx,1278,2,0,82ffffffffffffff,8
177.042299818,USMsgRx,1835,2,0,7cffffffffffffff,8
177.945282698,USMsgRx,764,2,0,7bffffffffffffff,8
179.614519328,USMsgRx,3734,2,0,7affffffffffffff,8
179.627153534,USMsgRx,2108,2,0,78ffffffffffffff,8
184.827601702,USMsgRx,2430,2,0,72ffffffffffffff,8
185.960173414,USMsgRx,4801,2,0,71ffffffffffffff,8
185.992392757,USMsgRx,3421,2,0,6effffffffffffff,8
186.442039251,USMsgRx,1874,2,0,6fffffffffffffff,8
187.017442545,USMsgRx,3604,2,0,70ffffffffffffff,8
188.000157415,USMsgRx,1308,2,0,6bffffffffffffff,8
188.688556475,USMsgRx,73,2,0,6affffffffffffff,8
189.760928263,USMsgRx,4771,2,0,67ffffffffffffff,8
191.807616097,USMsgRx,4692,2,0,66ffffffffffffff,8
192.709323199,USMsgRx,4098,2,0,64ffffffffffffff,8
194.821818829,USMsgRx,2891,2,0,62ffffffffffffff,8
196.451107619,USMsgRx,2939,2,0,60ffffffffffffff,8
196.500996729,USMsgRx,4477,2,0,61ffffffffffffff,8
197.147621945,USMsgRx,3190,2,0,5fffffffffffffff,8
197.496741511,USMsgRx,4965,2,0,5cffffffffffffff,8
197.874168635,USMsgRx,4332,2,0,5bffffffffffffff,8
198.289035791,USMsgRx,3730,2,0,5effffffffffffff,8
199.391712245,USMsgRx,3401,2,0,57ffffffffffffff,8
201.795199934,USMsgRx,2206,2,0,54ffffffffffffff,8
202.254376554,USMsgRx,4504,2,0,53ffffffffffffff,8
202.388484867,USMsgRx,2782,2,0,56ffffffffffffff,8
203.103548833,USMsgRx,1532,2,0,51ffffffffffffff,8
205.090470430,USMsgRx,702,2,0,50ffffffffffffff,8
205.579109138,USMsgRx,1680,2,0,4effffffffffffff,8
207.561890795,USMsgRx,3356,2,0,4cffffffffffffff,8
208.945773703,USMsgRx,4157,2,0,4affffffffffffff,8
209.310591549,USMsgRx,3430,2,0,46ffffffffffffff,8
209.872505190,USMsgRx,1270,2,0,49ffffffffffffff,8
211.951669045,USMsgRx,3011,2,0,44ffffffffffffff,8
212.322071157,USMsgRx,3910,2,0,41ffffffffffffff,8
214.399867686,USMsgRx,4895,2,0,3effffffffffffff,8
217.182085997,USMsgRx,3966,2,0,3bffffffffffffff,8
218.355899463,USMsgRx,3052,2,0,36ffffffffffffff,8
218.410880924,USMsgRx,600,2,0,35ffffffffffffff,8
218.819186267,USMsgRx,1557,2,0,38ffffffffffffff,8
219.763826057,USMsgRx,4741,2,0,32ffffffffffffff,8
219.772739027,USMsgRx,2538,2,0,34ffffffffffffff,8
220.504778031,USMsgRx,1711,2,0,33ffffffffffffff,8
221.327771627,USMsgRx,2325,2,0,2fffffffffffffff,8
221.437053247,USMsgRx,4065,2,0,31ffffffffffffff,8
221.701419080,USMsgRx,2211,2,0,2effffffffffffff,8
223.340162594,USMsgRx,1146,2,0,2dffffffffffffff,8
224.474553225,USMsgRx,3591,2,0,2bffffffffffffff,8
224.795880866,USMsgRx,266,2,0,29ffffffffffffff,8
225.138505532,USMsgRx,1505,2,0,2affffffffffffff,8
225.345844576,USMsgRx,3412,2,0,27ffffffffffffff,8
226.337298009,USMsgRx,3765,2,0,24ffffffffffffff,8
227.302150364,USMsgRx,1787,2,0,22ffffffffffffff,8
227.783915697,USMsgRx,793,2,0,1effffffffffffff,8
228.525445838,USMsgRx,3469,2,0,1dffffffffffffff,8
228.894588778,USMsgRx,4126,2,0,1cffffffffffffff,8
228.928992034,USMsgRx,1376,2,0,19ffffffffffffff,8
228.970319730,USMsgRx,1972,2,0,1fffffffffffffff,8
232.828263510,USMsgRx,1470,2,0,18ffffffffffffff,8
235.095213840,USMsgRx,4471,2,0,16ffffffffffffff,8
236.917405364,USMsgRx,2648,2,0,12ffffffffffffff,8
237.339246895,USMsgRx,961,2,0,14ffffffffffffff,8
238.363812146,USMsgRx,3137,2,0,10ffffffffffffff,8
238.797187379,USMsgRx,606,2,0,0fffffffffffffff,8
239.149571598,USMsgRx,3706,2,0,0effffffffffffff,8
240.535601807,USMsgRx,2033,2,0,0dffffffffffffff,8
241.235860759,USMsgRx,4747,2,0,09ffffffffffffff,8
242.561248068,USMsgRx,1254,2,0,08ffffffffffffff,8
243.471350986,USMsgRx,2775,2,0,07ffffffffffffff,8
244.346771966,USMsgRx,4640,2,0,05ffffffffffffff,8
244.993494720,USMsgRx,3963,2,0,02ffffffffffffff,8
245.173681135,USMsgRx,2341,2,0,03ffffffffffffff,8
246.031417683,USMsgRx,4407,2,0,fdfeffffffffffff,8
246.126698700,USMsgRx,1285,2,0,fcfeffffffffffff,8
246.665992117,USMsgRx,1890,2,0,fbfeffffffffffff,8
247.157466218,USMsgRx,2501,2,0,fffeffffffffffff,8
248.332813394,USMsgRx,176,2,0,f9feffffffffffff,8
249.270306057,USMsgRx,656,2,0,f7feffffffffffff,8
249.314612636,USMsgRx,621,2,0,f8feffffffffffff,8
250.555054518,USMsgRx,2191,2,0,f6feffffffffffff,8
250.953964170,USMsgRx,2597,2,0,f4feffffffffffff,8
251.270138271,USMsgRx,3109,2,0,f3feffffffffffff,8
252.065991811,USMsgRx,3215,2,0,f5feffffffffffff,8
253.871162751,USMsgRx,4362,2,0,f2feffffffffffff,8
254.365885539,USMsgRx,593,2,0,ecfeffffffffffff,8
254.900592546,USMsgRx,1885,2,0,ebfeffffffffffff,8
255.190414840,USMsgRx,1617,2,0,f0feffffffffffff,8
256.940760646,USMsgRx,1723,2,0,e7feffffffffffff,8
257.791888475,USMsgRx,3644,2,0,e5feffffffffffff,8
258.617033671,USMsgRx,4085,2,0,e6feffffffffffff,8
258.823397103,USMsgRx,3316,2,0,e1feffffffffffff,8
259.319474934,USMsgRx,2901,2,0,dffeffffffffffff,8
260.199009812,USMsgRx,4697,2,0,ddfeffffffffffff,8
263.427875414,USMsgRx,279,2,0,dafeffffffffffff,8
264.863401852,USMsgRx,2259,2,0,d8feffffffffffff,8
264.928147839,USMsgRx,4156,2,0,d6feffffffffffff,8
265.088347554,USMsgRx,2892,2,0,d4feffffffffffff,8
266.405370450,USMsgRx,2196,2,0,d3feffffffffffff,8
266.489773526,USMsgRx,4617,2,0,d1feffffffffffff,8
266.677025704,USMsgRx,4854,2,0,d2feffffffffffff,8
267.441913301,USMsgRx,2146,2,0,cffeffffffffffff,8
268.193169101,USMsgRx,2897,2,0,cefeffffffffffff,8
268.267151239,USMsgRx,1601,2,0,d0feffffffffffff,8
268.916607257,USMsgRx,1261,2,0,ccfeffffffffffff,8
270.063467229,USMsgRx,4139,2,0,c9feffffffffffff,8
270.526162640,USMsgRx,3341,2,0,c8feffffffffffff,8
271.525761961,USMsgRx,3767,2,0,c6feffffffffffff,8
274.071784130,USMsgRx,5,2,0,c1feffffffffffff,8
275.776825691,USMsgRx,3534,2,0,bafeffffffffffff,8
276.657865072,USMsgRx,4430,2,0,b5feffffffffffff,8
276.689737462,USMsgRx,478,2,0,b7feffffffffffff,8
277.835060836,USMsgRx,2837,2,0,b3feffffffffffff,8
279.059150157,USMsgRx,3288,2,0,b0feffffffffffff,8
279.091907982,USMsgRx,4278,2,0,b1feffffffffffff,8
279.579230240,USMsgRx,2093,2,0,adfeffffffffffff,8
280.132429488,USMsgRx,2201,2,0,aefeffffffffffff,8
281.722073610,USMsgRx,4083,2,0,aafeffffffffffff,8
283.709603958,USMsgRx,2531,2,0,a7feffffffffffff,8
283.938005243,USMsgRx,1603,2,0,a6feffffffffffff,8
284.023031970,USMsgRx,297,2,0,a9feffffffffffff,8
285.230516688,USMsgRx,107,2,0,a3feffffffffffff,8
285.564749630,USMsgRx,2385,2,0,a4feffffffffffff,8
285.954070489,USMsgRx,4694,2,0,a1feffffffffffff,8
285.989956152,USMsgRx,261,2,0,a2feffffffffffff,8
286.448648756,USMsgRx,523,2,0,9ffeffffffffffff,8
286.931384140,USMsgRx,769,2,0,9bfeffffffffffff,8
287.089350160,USMsgRx,4758,2,0,9dfeffffffffffff,8
287.143028209,USMsgRx,15,2,0,9efeffffffffffff,8
288.044994857,USMsgRx,1345,2,0,97feffffffffffff,8
288.142955135,USMsgRx,4252,2,0,9cfeffffffffffff,8
288.528929043,USMsgRx,1974,2,0,98feffffffffffff,8
288.941242028,USMsgRx,3285,2,0,96feffffffffffff,8
289.668127025,USMsgRx,4506,2,0,95feffffffffffff,8
290.550850074,USMsgRx,3165,2,0,93feffffffffffff,8
290.649819510,USMsgRx,1479,2,0,94feffffffffffff,8
291.896884930,USMsgRx,2231,2,0,8efeffffffffffff,8
293.649735444,USMsgRx,640,2,0,8afeffffffffffff,8
294.451171060,USMsgRx,2705,2,0,88feffffffffffff,8
296.019195570,USMsgRx,2866,2,0,85feffffffffffff,8
296.134649324,USMsgRx,1621,2,0,87feffffffffffff,8
296.415001660,USMsgRx,4787,2,0,84feffffffffffff,8
298.763409440,USMsgRx,1576,2,0,79feffffffffffff,8
300.776332477,USMsgRx,747,2,0,74feffffffffffff,8
300.824590627,USMsgRx,2379,2,0,77feffffffffffff,8
301.626865466,USMsgRx,3301,2,0,76feffffffffffff,8
302.309564260,USMsgRx,1671,2,0,6ffeffffffffffff,8
302.956169859,USMsgRx,1652,2,0,6efeffffffffffff,8
303.605922780,USMsgRx,1462,2,0,6cfeffffffffffff,8
304.811851860,USMsgRx,2515,2,0,6afeffffffffffff,8
306.092330432,USMsgRx,735,2,0,69feffffffffffff,8
308.233394765,USMsgRx,901,2,0,62feffffffffffff,8
308.574634854,USMsgRx,2777,2,0,61feffffffffffff,8
309.164499322,USMsgRx,4464,2,0,5ffeffffffffffff,8
309.494562719,USMsgRx,1688,2,0,5bfeffffffffffff,8
309.807262603,USMsgRx,41,2,0,60feffffffffffff,8
310.967938524,USMsgRx,1682,2,0,57feffffffffffff,8
311.294580554,USMsgRx,2149,2,0,56feffffffffffff,8
312.097385072,USMsgRx,4682,2,0,54feffffffffffff,8
312.945247991,USMsgRx,114,2,0,50feffffffffffff,8
313.261919158,USMsgRx,426,2,0,53feffffffffffff,8
313.762726722,USMsgRx,4266,2,0,4ffeffffffffffff,8
314.877285276,USMsgRx,3830,2,0,4efeffffffffffff,8
315.618035596,USMsgRx,3274,2,0,4cfeffffffffffff,8
315.631652817,USMsgRx,4936,2,0,4bfeffffffffffff,8
316.621036206,USMsgRx,3829,2,0,47feffffffffffff,8
316.676072220,USMsgRx,33,2,0,48feffffffffffff,8
317.096821336,USMsgRx,501,2,0,42feffffffffffff,8
317.417359485,USMsgRx,2730,2,0,45feffffffffffff,8
317.797415222,USMsgRx,4479,2,0,3efeffffffffffff,8
317.855047514,USMsgRx,3003,2,0,40feffffffffffff,8
318.805597336,USMsgRx,3770,2,0,3cfeffffffffffff,8
320.306405435,USMsgRx,4762,2,0,38feffffffffffff,8
321.060134453,USMsgRx,3513,2,0,37feffffffffffff,8
321.211467704,USMsgRx,3171,2,0,36feffffffffffff,8
321.807006529,USMsgRx,4381,2,0,35feffffffffffff,8
322.088783923,USMsgRx,719,2,0,33feffffffffffff,8
322.282367544,USMsgRx,516,2,0,32feffffffffffff,8
322.650884512,USMsgRx,3597,2,0,34feffffffffffff,8
322.732056140,USMsgRx,2517,2,0,30feffffffffffff,8
322.855662479,USMsgRx,3449,2,0,31feffffffffffff,8
323.160578296,USMsgRx,3953,2,0,2ffeffffffffffff,8
324.432734769,USMsgRx,4549,2,0,2efeffffffffffff,8
324.975900123,USMsgRx,4397,2,0,2bfeffffffffffff,8
325.259418946,USMsgRx,4609,2,0,2cfeffffffffffff,8
326.573070616,USMsgRx,452,2,0,26feffffffffffff,8
327.221991181,USMsgRx,2022,2,0,27feffffffffffff,8
327.451454836,USMsgRx,923,2,0,25feffffffffffff,8
328.605399896,USMsgRx,2373,2,0,24feffffffffffff,8
331.686385324,USMsgRx,4310,2,0,1ffeffffffffffff,8
331.888219840,USMsgRx,1437,2,0,1dfeffffffffffff,8
331.953995169,USMsgRx,4298,2,0,20feffffffffffff,8
333.060664563,USMsgRx,4619,2,0,17feffffffffffff,8
333.264050792,USMsgRx,4246,2,0,1afeffffffffffff,8
333.808956493,USMsgRx,3593,2,0,1bfeffffffffffff,8
334.094182749,USMsgRx,564,2,0,16feffffffffffff,8
336.340835153,USMsgRx,3065,2,0,0efeffffffffffff,8
337.127501253,USMsgRx,4536,2,0,0cfeffffffffffff,8
337.661673139,USMsgRx,4906,2,0,09feffffffffffff,8
338.701422665,USMsgRx,4519,2,0,05feffffffffffff,8
338.919107524,USMsgRx,1249,2,0,06feffffffffffff,8
339.674418537,USMsgRx,3843,2,0,03feffffffffffff,8
340.476471019,USMsgRx,4926,2,0,02feffffffffffff,8
341.250938475,USMsgRx,3344,2,0,01feffffffffffff,8
343.326850763,USMsgRx,3366,2,0,fbfdffffffffffff,8
344.738684324,USMsgRx,3846,2,0,fafdffffffffffff,8
345.383649755,USMsgRx,2406,2,0,f4fdffffffffffff,8
345.692022859,USMsgRx,1696,2,0,f5fdffffffffffff,8
345.899791971,USMsgRx,4385,2,0,f2fdffffffffffff,8
346.629516107,USMsgRx,2886,2,0,f3fdffffffffffff,8
346.831048781,USMsgRx,2564,2,0,f1fdffffffffffff,8
347.756775264,USMsgRx,3637,2,0,ecfdffffffffffff,8
347.984615855,USMsgRx,3677,2,0,eefdffffffffffff,8
347.999209033,USMsgRx,859,2,0,ebfdffffffffffff,8
348.057324583,USMsgRx,4899,2,0,e9fdffffffffffff,8
348.959116545,USMsgRx,4147,2,0,e7fdffffffffffff,8
349.601483133,USMsgRx,2257,2,0,e4fdffffffffffff,8
349.695480930,USMsgRx,2528,2,0,e3fdffffffffffff,8
350.105491288,USMsgRx,840,2,0,e2fdffffffffffff,8
352.013936324,USMsgRx,4576,2,0,dcfdffffffffffff,8
352.620128263,USMsgRx,1933,2,0,d9fdffffffffffff,8
352.722528028,USMsgRx,3236,2,0,dbfdffffffffffff,8
352.919062162,USMsgRx,1239,2,0,dafdffffffffffff,8
353.990630691,USMsgRx,4610,2,0,d6fdffffffffffff,8
354.089903669,USMsgRx,1172,2,0,d7fdffffffffffff,8
354.836998865,USMsgRx,1668,2,0,d4fdffffffffffff,8
355.219359600,USMsgRx,45,2,0,d1fdffffffffffff,8
356.386292893,USMsgRx,4408,2,0,ccfdffffffffffff,8
356.600364707,USMsgRx,4764,2,0,cffdffffffffffff,8
357.576081211,USMsgRx,543,2,0,c9fdffffffffffff,8
357.839062665,USMsgRx,1679,2,0,cafdffffffffffff,8
358.317280356,USMsgRx,2624,2,0,c4fdffffffffffff,8
358.537168982,USMsgRx,3511,2,0,c2fdffffffffffff,8
359.535646844,USMsgRx,2442,2,0,c0fdffffffffffff,8
360.017119605,USMsgRx,2003,2,0,c1fdffffffffffff,8
361.093288592,USMsgRx,4737,2,0,bcfdffffffffffff,8
361.435742079,USMsgRx,3619,2,0,bffdffffffffffff,8
362.540924225,USMsgRx,4212,2,0,b9fdffffffffffff,8
362.899425580,USMsgRx,3628,2,0,bafdffffffffffff,8
363.255474663,USMsgRx,3392,2,0,b0fdffffffffffff,8
364.021849200,USMsgRx,4219,2,0,acfdffffffffffff,8
364.165145988,USMsgRx,4511,2,0,abfdffffffffffff,8
364.472394226,USMsgRx,3342,2,0,affdffffffffffff,8
365.953244377,USMsgRx,4151,2,0,aafdffffffffffff,8
366.132699063,USMsgRx,160,2,0,a8fdffffffffffff,8
366.337697903,USMsgRx,2573,2,0,a4fdffffffffffff,8
366.498089905,USMsgRx,4140,2,0,a2fdffffffffffff,8
366.794365743,USMsgRx,2840,2,0,a0fdffffffffffff,8
369.710026001,USMsgRx,3364,2,0,9bfdffffffffffff,8
369.839257610,USMsgRx,4429,2,0,9cfdffffffffffff,8
371.211477387,USMsgRx,3015,2,0,9afdffffffffffff,8
372.055945135,USMsgRx,4779,2,0,90fdffffffffffff,8
372.208320827,USMsgRx,1024,2,0,94fdffffffffffff,8
372.590716993,USMsgRx,4862,2,0,96fdffffffffffff,8
373.162227949,USMsgRx,700,2,0,8cfdffffffffffff,8
373.837874093,USMsgRx,1440,2,0,8bfdffffffffffff,8
373.918844259,USMsgRx,4159,2,0,8efdffffffffffff,8
373.936977635,USMsgRx,3005,2,0,8afdffffffffffff,8
374.764233112,USMsgRx,4440,2,0,87fdffffffffffff,8
374.789186155,USMsgRx,3075,2,0,88fdffffffffffff,8
375.522182472,USMsgRx,628,2,0,89fdffffffffffff,8
375.692125283,USMsgRx,2617,2,0,85fdffffffffffff,8
376.931188784,USMsgRx,1596,2,0,80fdffffffffffff,8
377.037898412,USMsgRx,2712,2,0,82fdffffffffffff,8
377.236543539,USMsgRx,2343,2,0,7ffdffffffffffff,8
378.507422496,USMsgRx,2471,2,0,78fdffffffffffff,8
379.680555731,USMsgRx,337,2,0,76fdffffffffffff,8
380.689221527,USMsgRx,3787,2,0,75fdffffffffffff,8
381.760499076,USMsgRx,679,2,0,6ffdffffffffffff,8
381.774779820,USMsgRx,4679,2,0,6bfdffffffffffff,8
382.043893474,USMsgRx,4319,2,0,6afdffffffffffff,8
382.410195220,USMsgRx,140,2,0,70fdffffffffffff,8
382.870525865,USMsgRx,1954,2,0,69fdffffffffffff,8
383.873439223,USMsgRx,3890,2,0,63fdffffffffffff,8
385.763709243,USMsgRx,1735,2,0,5efdffffffffffff,8
386.142317912,USMsgRx,4294,2,0,5dfdffffffffffff,8
386.436768263,USMsgRx,4201,2,0,5cfdffffffffffff,8
386.902360678,USMsgRx,4937,2,0,59fdffffffffffff,8
386.917702234,USMsgRx,697,2,0,5afdffffffffffff,8
387.040683482,USMsgRx,2132,2,0,5bfdffffffffffff,8
388.228350009,USMsgRx,4978,2,0,57fdffffffffffff,8
388.251613220,USMsgRx,4360,2,0,58fdffffffffffff,8
388.735386453,USMsgRx,4820,2,0,53fdffffffffffff,8
388.765114484,USMsgRx,2204,2,0,55fdffffffffffff,8
388.964758773,USMsgRx,474,2,0,51fdffffffffffff,8
389.530887775,USMsgRx,3495,2,0,4ffdffffffffffff,8
390.952139841,USMsgRx,3304,2,0,48fdffffffffffff,8
391.423594458,USMsgRx,3577,2,0,4afdffffffffffff,8
391.638214642,USMsgRx,4613,2,0,44fdffffffffffff,8
391.645968628,USMsgRx,496,2,0,45fdffffffffffff,8
392.036683092,USMsgRx,1129,2,0,42fdffffffffffff,8
392.819483001,USMsgRx,2669,2,0,41fdffffffffffff,8
393.822365451,USMsgRx,3789,2,0,3cfdffffffffffff,8
393.903687276,USMsgRx,4279,2,0,3efdffffffffffff,8
394.024279641,USMsgRx,1177,2,0,40fdffffffffffff,8
394.768111864,USMsgRx,3320,2,0,3ffdffffffffffff,8
395.209166896,USMsgRx,1410,2,0,3afdffffffffffff,8
396.560565289,USMsgRx,4934,2,0,38fdffffffffffff,8
397.866643817,USMsgRx,388,2,0,31fdffffffffffff,8
398.315941028,USMsgRx,3093,2,0,30fdffffffffffff,8
398.885871077,USMsgRx,65,2,0,2ffdffffffffffff,8
399.522185383,USMsgRx,3967,2,0,2efdffffffffffff,8
399.861010740,USMsgRx,4631,2,0,2cfdffffffffffff,8
400.279734304,USMsgRx,1214,2,0,2afdffffffffffff,8
400.555722815,USMsgRx,2735,2,0,2dfdffffffffffff,8
401.111649016,USMsgRx,3076,2,0,29fdffffffffffff,8
401.530318761,USMsgRx,1116,2,0,27fdffffffffffff,8
402.170556723,USMsgRx,3261,2,0,28fdffffffffffff,8
402.277002905,USMsgRx,2427,2,0,22fdffffffffffff,8
402.467803702,USMsgRx,716,2,0,26fdffffffffffff,8
403.415513981,USMsgRx,1624,2,0,1ffdffffffffffff,8
404.798017249,USMsgRx,2230,2,0,1dfdffffffffffff,8
405.625819144,USMsgRx,4797,2,0,1cfdffffffffffff,8
406.479279277,USMsgRx,1871,2,0,15fdffffffffffff,8
407.017981021,USMsgRx,1610,2,0,13fdffffffffffff,8
407.374116132,USMsgRx,4447,2,0,17fdffffffffffff,8
407.502649619,USMsgRx,3828,2,0,11fdffffffffffff,8
407.846553372,USMsgRx,726,2,0,10fdffffffffffff,8
408.546167252,USMsgRx,868,2,0,0efdffffffffffff,8
408.722256550,USMsgRx,3410,2,0,12fdffffffffffff,8
408.788408444,USMsgRx,134,2,0,0dfdffffffffffff,8
410.055728774,USMsgRx,4309,2,0,08fdffffffffffff,8
410.519342866,USMsgRx,1891,2,0,03fdffffffffffff,8
411.547403675,USMsgRx,4187,2,0,01fdffffffffffff,8
412.561575679,USMsgRx,3494,2,0,02fdffffffffffff,8
414.123039270,USMsgRx,400,2,0,fdfcffffffffffff,8
414.963743183,USMsgRx,1199,2,0,f7fcffffffffffff,8
416.288902373,USMsgRx,1968,2,0,f1fcffffffffffff,8
416.553158728,USMsgRx,1126,2,0,f2fcffffffffffff,8
418.966589034,USMsgRx,498,2,0,e8fcffffffffffff,8
419.128554162,USMsgRx,4038,2,0,e1fcffffffffffff,8
419.249052262,USMsgRx,2859,2,0,e0fcffffffffffff,8
419.491111958,USMsgRx,2477,2,0,e9fcffffffffffff,8
419.719185711,USMsgRx,2079,2,0,e2fcffffffffffff,8
420.553047506,USMsgRx,3147,2,0,dafcffffffffffff,8
420.765077602,USMsgRx,2431,2,0,d8fcffffffffffff,8
420.874568224,USMsgRx,1402,2,0,d9fcffffffffffff,8
422.901873699,USMsgRx,3177,2,0,d6fcffffffffffff,8
423.103863252,USMsgRx,2225,2,0,d4fcffffffffffff,8
423.118945250,USMsgRx,4075,2,0,d5fcffffffffffff,8
423.591897032,USMsgRx,1140,2,0,d2fcffffffffffff,8
423.966372275,USMsgRx,2104,2,0,d3fcffffffffffff,8
424.372860192,USMsgRx,4186,2,0,d0fcffffffffffff,8
425.031860306,USMsgRx,929,2,0,cffcffffffffffff,8
425.590231169,USMsgRx,1559,2,0,cbfcffffffffffff,8
426.789958530,USMsgRx,2549,2,0,c9fcffffffffffff,8
427.199634497,USMsgRx,3327,2,0,c6fcffffffffffff,8
427.262402171,USMsgRx,2806,2,0,c7fcffffffffffff,8
427.824320275,USMsgRx,2321,2,0,c4fcffffffffffff,8
428.147904662,USMsgRx,652,2,0,c3fcffffffffffff,8
428.518139009,USMsgRx,3155,2,0,c2fcffffffffffff,8
429.016259662,USMsgRx,4066,2,0,bffcffffffffffff,8
429.176606573,USMsgRx,1684,2,0,c1fcffffffffffff,8
429.991097927,USMsgRx,35,2,0,c0fcffffffffffff,8
430.552207242,USMsgRx,1977,2,0,bafcffffffffffff,8
430.698166312,USMsgRx,3715,2,0,b9fcffffffffffff,8
430.945982637,USMsgRx,1855,2,0,b8fcffffffffffff,8
431.120661298,USMsgRx,481,2,0,b7fcffffffffffff,8
431.505124420,USMsgRx,1416,2,0,bcfcffffffffffff,8
432.212103667,USMsgRx,257,2,0,b4fcffffffffffff,8
432.828274711,USMsgRx,3756,2,0,b6fcffffffffffff,8
433.493644347,USMsgRx,673,2,0,affcffffffffffff,8
434.252014031,USMsgRx,3212,2,0,aefcffffffffffff,8
435.317795324,USMsgRx,573,2,0,adfcffffffffffff,8
435.974925598,USMsgRx,1406,2,0,a6fcffffffffffff,8
437.663717618,USMsgRx,2725,2,0,9efcffffffffffff,8
437.853885844,USMsgRx,3707,2,0,a1fcffffffffffff,8
438.372778764,USMsgRx,4734,2,0,9afcffffffffffff,8
439.225768429,USMsgRx,3925,2,0,96fcffffffffffff,8
439.351005158,USMsgRx,3216,2,0,97fcffffffffffff,8
440.015979454,USMsgRx,1072,2,0,90fcffffffffffff,8
440.329101485,USMsgRx,1779,2,0,8ffcffffffffffff,8
441.505852214,USMsgRx,4948,2,0,89fcffffffffffff,8
441.673919359,USMsgRx,3168,2,0,8afcffffffffffff,8
441.706564927,USMsgRx,2773,2,0,88fcffffffffffff,8
442.739405903,USMsgRx,1032,2,0,84fcffffffffffff,8
443.198970422,USMsgRx,2652,2,0,82fcffffffffffff,8
443.334186214,USMsgRx,1398,2,0,87fcffffffffffff,8
443.898875509,USMsgRx,3725,2,0,7ffcffffffffffff,8
444.613968906,USMsgRx,3184,2,0,7cfcffffffffffff,8
444.831000035,USMsgRx,3871,2,0,7dfcffffffffffff,8
445.528966713,USMsgRx,975,2,0,79fcffffffffffff,8
446.040942555,USMsgRx,3166,2,0,74fcffffffffffff,8
446.051094609,USMsgRx,694,2,0,75fcffffffffffff,8
446.260277934,USMsgRx,2764,2,0,77fcffffffffffff,8
446.375595246,USMsgRx,1661,2,0,7afcffffffffffff,8
447.334232072,USMsgRx,203,2,0,72fcffffffffffff,8
447.862528706,USMsgRx,116,2,0,73fcffffffffffff,8
448.077170008,USMsgRx,837,2,0,6cfcffffffffffff,8
448.230659094,USMsgRx,1751,2,0,6ffcffffffffffff,8
448.332909466,USMsgRx,1647,2,0,6afcffffffffffff,8
448.787999759,USMsgRx,1062,2,0,69fcffffffffffff,8
449.052055852,USMsgRx,212,2,0,67fcffffffffffff,8
449.270575287,USMsgRx,4696,2,0,66fcffffffffffff,8
449.670683168,USMsgRx,42,2,0,65fcffffffffffff,8
451.000227056,USMsgRx,2690,2,0,64fcffffffffffff,8
451.186207426,USMsgRx,381,2,0,60fcffffffffffff,8
452.792604919,USMsgRx,551,2,0,58fcffffffffffff,8
453.201899089,USMsgRx,1581,2,0,59fcffffffffffff,8
453.612603431,USMsgRx,3892,2,0,56fcffffffffffff,8
453.833326344,USMsgRx,2800,2,0,5bfcffffffffffff,8
454.927918368,USMsgRx,3246,2,0,54fcffffffffffff,8
455.529928871,USMsgRx,862,2,0,4afcffffffffffff,8
455.690851310,USMsgRx,3083,2,0,4cfcffffffffffff,8
455.816365818,USMsgRx,4218,2,0,53fcffffffffffff,8
456.060239313,USMsgRx,3665,2,0,4bfcffffffffffff,8
456.474808209,USMsgRx,4591,2,0,47fcffffffffffff,8
457.076563960,USMsgRx,844,2,0,43fcffffffffffff,8
457.529478925,USMsgRx,4108,2,0,48fcffffffffffff,8
457.700721507,USMsgRx,1191,2,0,41fcffffffffffff,8
459.385499118,USMsgRx,3636,2,0,3ffcffffffffffff,8
459.976820169,USMsgRx,360,2,0,3bfcffffffffffff,8
460.132548650,USMsgRx,359,2,0,3efcffffffffffff,8
461.327211471,USMsgRx,3328,2,0,37fcffffffffffff,8
461.456965820,USMsgRx,120,2,0,38fcffffffffffff,8
462.236776653,USMsgRx,2766,2,0,35fcffffffffffff,8
462.324474079,USMsgRx,2598,2,0,36fcffffffffffff,8
463.090245080,USMsgRx,2929,2,0,31fcffffffffffff,8
463.350128267,USMsgRx,4990,2,0,32fcffffffffffff,8
463.670821652,USMsgRx,1301,2,0,30fcffffffffffff,8
463.970736398,USMsgRx,4395,2,0,33fcffffffffffff,8
464.400964372,USMsgRx,234,2,0,2efcffffffffffff,8
465.212877889,USMsgRx,2780,2,0,2dfcffffffffffff,8
465.650947751,USMsgRx,1969,2,0,2bfcffffffffffff,8
466.167235279,USMsgRx,3180,2,0,29fcffffffffffff,8
466.414642067,USMsgRx,1442,2,0,2afcffffffffffff,8
466.785785377,USMsgRx,1227,2,0,24fcffffffffffff,8
467.125956692,USMsgRx,935,2,0,20fcffffffffffff,8
467.217492867,USMsgRx,158,2,0,1ffcffffffffffff,8
467.442742491,USMsgRx,4396,2,0,23fcffffffffffff,8
467.941523687,USMsgRx,3329,2,0,1cfcffffffffffff,8
468.302839281,USMsgRx,3280,2,0,19fcffffffffffff,8
468.387297325,USMsgRx,1607,2,0,18fcffffffffffff,8
468.559038155,USMsgRx,1461,2,0,16fcffffffffffff,8
468.995152444,USMsgRx,394,2,0,15fcffffffffffff,8
469.755301195,USMsgRx,2723,2,0,13fcffffffffffff,8
470.058605238,USMsgRx,3315,2,0,12fcffffffffffff,8
470.200304428,USMsgRx,108,2,0,0efcffffffffffff,8
470.390142757,USMsgRx,2980,2,0,0dfcffffffffffff,8
471.038060877,USMsgRx,3474,2,0,0cfcffffffffffff,8
471.210538444,USMsgRx,4702,2,0,0afcffffffffffff,8
471.537293998,USMsgRx,3229,2,0,08fcffffffffffff,8
472.609248947,USMsgRx,4654,2,0,04fcffffffffffff,8
472.731325982,USMsgRx,4382,2,0,01fcffffffffffff,8
473.159741063,USMsgRx,2822,2,0,fefbffffffffffff,8
473.189306891,USMsgRx,3872,2,0,03fcffffffffffff,8
473.279976117,USMsgRx,832,2,0,fdfbffffffffffff,8
473.761821750,USMsgRx,4043,2,0,fcfbffffffffffff,8
473.864633694,USMsgRx,924,2,0,fafbffffffffffff,8
474.851849660,USMsgRx,3157,2,0,f8fbffffffffffff,8
475.123808289,USMsgRx,1003,2,0,fbfbffffffffffff,8
475.151115035,USMsgRx,4988,2,0,f6fbffffffffffff,8
475.823747117,USMsgRx,2966,2,0,f4fbffffffffffff,8
475.980339946,USMsgRx,3942,2,0,f3fbffffffffffff,8
476.975461338,USMsgRx,2012,2,0,f2fbffffffffffff,8
478.066481399,USMsgRx,2551,2,0,f0fbffffffffffff,8
478.564418094,USMsgRx,3941,2,0,ebfbffffffffffff,8
478.752027634,USMsgRx,406,2,0,eafbffffffffffff,8
478.770514544,USMsgRx,3141,2,0,edfbffffffffffff,8
478.812064921,USMsgRx,1002,2,0,e9fbffffffffffff,8
479.232308652,USMsgRx,539,2,0,e7fbffffffffffff,8
479.644887921,USMsgRx,2738,2,0,e1fbffffffffffff,8
479.650648979,USMsgRx,4099,2,0,ecfbffffffffffff,8
479.796796145,USMsgRx,554,2,0,e6fbffffffffffff,8
480.137660801,USMsgRx,26,2,0,dffbffffffffffff,8
481.015869193,USMsgRx,4078,2,0,dcfbffffffffffff,8
481.099974837,USMsgRx,3507,2,0,dbfbffffffffffff,8
481.272354026,USMsgRx,2110,2,0,defbffffffffffff,8
482.126007893,USMsgRx,3596,2,0,d5fbffffffffffff,8
482.302282646,USMsgRx,3277,2,0,d3fbffffffffffff,8
482.579570316,USMsgRx,4843,2,0,d4fbffffffffffff,8
483.079223105,USMsgRx,3712,2,0,d1fbffffffffffff,8
483.584448799,USMsgRx,4746,2,0,d2fbffffffffffff,8
483.965275930,USMsgRx,4910,2,0,cefbffffffffffff,8
485.264394429,USMsgRx,1821,2,0,cdfbffffffffffff,8
485.292860496,USMsgRx,3383,2,0,ccfbffffffffffff,8
486.193190805,USMsgRx,3792,2,0,cafbffffffffffff,8
486.882597112,USMsgRx,711,2,0,cbfbffffffffffff,8
487.074806769,USMsgRx,101,2,0,c7fbffffffffffff,8
487.186871344,USMsgRx,815,2,0,c8fbffffffffffff,8
487.196384283,USMsgRx,4874,2,0,c5fbffffffffffff,8
487.961178314,USMsgRx,3393,2,0,c2fbffffffffffff,8
488.112643020,USMsgRx,4352,2,0,bffbffffffffffff,8
490.466241325,USMsgRx,2209,2,0,bafbffffffffffff,8
490.855261567,USMsgRx,4945,2,0,b6fbffffffffffff,8
491.446432928,USMsgRx,2251,2,0,b7fbffffffffffff,8
491.518677761,USMsgRx,875,2,0,b5fbffffffffffff,8
492.243355987,USMsgRx,765,2,0,b2fbffffffffffff,8
493.359957462,USMsgRx,1083,2,0,b3fbffffffffffff,8
493.430300440,USMsgRx,884,2,0,aefbffffffffffff,8
493.479008879,USMsgRx,4484,2,0,affbffffffffffff,8
494.390660918,USMsgRx,2294,2,0,aafbffffffffffff,8
494.890494428,USMsgRx,4518,2,0,acfbffffffffffff,8
495.992464314,USMsgRx,548,2,0,a7fbffffffffffff,8
496.185379953,USMsgRx,3379,2,0,a4fbffffffffffff,8
496.418688991,USMsgRx,2944,2,0,a0fbffffffffffff,8
497.600987147,USMsgRx,1341,2,0,9afbffffffffffff,8
497.824764093,USMsgRx,472,2,0,99fbffffffffffff,8
497.896744167,USMsgRx,4776,2,0,97fbffffffffffff,8
497.916090220,USMsgRx,911,2,0,98fbffffffffffff,8
498.204405371,USMsgRx,1524,2,0,96fbffffffffffff,8
498.783700194,USMsgRx,2279,2,0,93fbffffffffffff,8
498.957925735,USMsgRx,4995,2,0,92fbffffffffffff,8
499.212377703,USMsgRx,1858,2,0,94fbffffffffffff,8
499.575123719,USMsgRx,4209,2,0,90fbffffffffffff,8
500.254349991,USMsgRx,4681,2,0,8efbffffffffffff,8
500.658810226,USMsgRx,4331,2,0,8cfbffffffffffff,8
501.288172561,USMsgRx,637,2,0,8dfbffffffffffff,8
502.267175796,USMsgRx,3060,2,0,84fbffffffffffff,8
502.393448623,USMsgRx,3876,2,0,86fbffffffffffff,8
502.964183523,USMsgRx,3632,2,0,7ffbffffffffffff,8
503.098091528,USMsgRx,1947,2,0,83fbffffffffffff,8
503.108015112,USMsgRx,3336,2,0,80fbffffffffffff,8
503.449882037,USMsgRx,2398,2,0,7dfbffffffffffff,8
503.600047755,USMsgRx,3334,2,0,7efbffffffffffff,8
504.187578283,USMsgRx,4468,2,0,7cfbffffffffffff,8
504.661292613,USMsgRx,4364,2,0,7afbffffffffffff,8
504.892670963,USMsgRx,4578,2,0,77fbffffffffffff,8
505.819926070,USMsgRx,1767,2,0,74fbffffffffffff,8
505.964532984,USMsgRx,763,2,0,73fbffffffffffff,8
505.974959393,USMsgRx,3860,2,0,79fbffffffffffff,8
506.024135181,USMsgRx,2694,2,0,76fbffffffffffff,8
507.230359979,USMsgRx,3873,2,0,6ffbffffffffffff,8
507.422483424,USMsgRx,4885,2,0,6dfbffffffffffff,8
509.255310705,USMsgRx,292,2,0,67fbffffffffffff,8
509.356383137,USMsgRx,3950,2,0,65fbffffffffffff,8
509.470085891,USMsgRx,368,2,0,6afbffffffffffff,8
509.512550863,USMsgRx,4161,2,0,6cfbffffffffffff,8
509.906312560,USMsgRx,2304,2,0,63fbffffffffffff,8
510.195534657,USMsgRx,1562,2,0,62fbffffffffffff,8
510.858765539,USMsgRx,3551,2,0,60fbffffffffffff,8
511.032881092,USMsgRx,1020,2,0,61fbffffffffffff,8
511.115243439,USMsgRx,589,2,0,5dfbffffffffffff,8
511.259842665,USMsgRx,4418,2,0,5efbffffffffffff,8
511.547544368,USMsgRx,1540,2,0,5afbffffffffffff,8
511.823255281,USMsgRx,2566,2,0,58fbffffffffffff,8
511.948800343,USMsgRx,3583,2,0,5cfbffffffffffff,8
512.879363649,USMsgRx,659,2,0,55fbffffffffffff,8
513.320130767,USMsgRx,2123,2,0,54fbffffffffffff,8
514.157278785,USMsgRx,4095,2,0,50fbffffffffffff,8
514.925517676,USMsgRx,3797,2,0,51fbffffffffffff,8
514.997939371,USMsgRx,910,2,0,49fbffffffffffff,8
515.000878068,USMsgRx,4361,2,0,4afbffffffffffff,8
515.700930429,USMsgRx,4094,2,0,48fbffffffffffff,8
516.705697347,USMsgRx,663,2,0,47fbffffffffffff,8
516.945787187,USMsgRx,1465,2,0,43fbffffffffffff,8
517.197253200,USMsgRx,1539,2,0,44fbffffffffffff,8
517.285793350,USMsgRx,3745,2,0,42fbffffffffffff,8
518.211310800,USMsgRx,3173,2,0,3efbffffffffffff,8
518.746123294,USMsgRx,3446,2,0,3ffbffffffffffff,8
518.906179731,USMsgRx,1551,2,0,3cfbffffffffffff,8
519.284483501,USMsgRx,592,2,0,39fbffffffffffff,8
520.262684159,USMsgRx,2141,2,0,3bfbffffffffffff,8
520.592474761,USMsgRx,2224,2,0,33fbffffffffffff,8
521.912565487,USMsgRx,2759,2,0,2ffbffffffffffff,8
522.422601967,USMsgRx,1088,2,0,2efbffffffffffff,8
522.757610798,USMsgRx,3848,2,0,2bfbffffffffffff,8
523.351601444,USMsgRx,3192,2,0,2cfbffffffffffff,8
523.390186831,USMsgRx,355,2,0,29fbffffffffffff,8
523.940309314,USMsgRx,3030,2,0,25fbffffffffffff,8
524.182379196,USMsgRx,275,2,0,23fbffffffffffff,8
524.398431800,USMsgRx,4780,2,0,24fbffffffffffff,8
524.671346686,USMsgRx,1445,2,0,27fbffffffffffff,8
526.545931513,USMsgRx,965,2,0,1afbffffffffffff,8
526.775602258,USMsgRx,4943,2,0,18fbffffffffffff,8
527.184501820,USMsgRx,4438,2,0,20fbffffffffffff,8
527.530783871,USMsgRx,1095,2,0,14fbffffffffffff,8
527.635124042,USMsgRx,4872,2,0,15fbffffffffffff,8
527.960522926,USMsgRx,3974,2,0,13fbffffffffffff,8
528.449884281,USMsgRx,1366,2,0,10fbffffffffffff,8
528.693443130,USMsgRx,664,2,0,16fbffffffffffff,8
530.684045763,USMsgRx,4705,2,0,09fbffffffffffff,8
531.049784662,USMsgRx,4272,2,0,08fbffffffffffff,8
531.571498760,USMsgRx,1218,2,0,0afbffffffffffff,8
531.645813076,USMsgRx,4014,2,0,07fbffffffffffff,8
532.079943593,USMsgRx,3266,2,0,06fbffffffffffff,8
532.168554277,USMsgRx,3439,2,0,04fbffffffffffff,8
532.775184304,USMsgRx,2441,2,0,03fbffffffffffff,8
533.378573178,USMsgRx,4105,2,0,05fbffffffffffff,8
533.811842302,USMsgRx,3784,2,0,fefaffffffffffff,8
534.502742332,USMsgRx,98,2,0,f9faffffffffffff,8
534.507543476,USMsgRx,207,2,0,f7faffffffffffff,8
535.175710212,USMsgRx,4597,2,0,f4faffffffffffff,8
536.567044230,USMsgRx,1970,2,0,f3faffffffffffff,8
536.857663398,USMsgRx,3747,2,0,f1faffffffffffff,8
536.991020827,USMsgRx,4516,2,0,f0faffffffffffff,8
538.663817298,USMsgRx,1906,2,0,e9faffffffffffff,8
539.163606858,USMsgRx,2160,2,0,ecfaffffffffffff,8
539.584251185,USMsgRx,3663,2,0,e4faffffffffffff,8
539.642737721,USMsgRx,3693,2,0,e7faffffffffffff,8
540.496356463,USMsgRx,604,2,0,e6faffffffffffff,8
541.232937912,USMsgRx,3810,2,0,e0faffffffffffff,8
541.650828315,USMsgRx,3006,2,0,defaffffffffffff,8
541.713571612,USMsgRx,4919,2,0,dffaffffffffffff,8
541.908501281,USMsgRx,2677,2,0,ddfaffffffffffff,8
541.964806138,USMsgRx,2495,2,0,e1faffffffffffff,8
542.158903280,USMsgRx,3100,2,0,dbfaffffffffffff,8
542.941861076,USMsgRx,1204,2,0,dafaffffffffffff,8
543.290762901,USMsgRx,4163,2,0,d9faffffffffffff,8
544.584068716,USMsgRx,377,2,0,d5faffffffffffff,8
544.944009922,USMsgRx,191,2,0,d4faffffffffffff,8
545.385720309,USMsgRx,3650,2,0,d1faffffffffffff,8
546.125111290,USMsgRx,2485,2,0,d3faffffffffffff,8
546.395544533,USMsgRx,1269,2,0,cdfaffffffffffff,8
546.668545102,USMsgRx,2075,2,0,cafaffffffffffff,8
547.124763854,USMsgRx,2947,2,0,c4faffffffffffff,8
547.926463704,USMsgRx,3021,2,0,c1faffffffffffff,8
548.343790258,USMsgRx,703,2,0,c0faffffffffffff,8
548.635836749,USMsgRx,348,2,0,bffaffffffffffff,8
549.025966198,USMsgRx,4662,2,0,bdfaffffffffffff,8
549.690576067,USMsgRx,547,2,0,b7faffffffffffff,8
549.801130997,USMsgRx,2330,2,0,b6faffffffffffff,8
549.890661058,USMsgRx,3107,2,0,befaffffffffffff,8
550.050702972,USMsgRx,4769,2,0,b9faffffffffffff,8
550.499713777,USMsgRx,3306,2,0,b3faffffffffffff,8
550.708871573,USMsgRx,689,2,0,b2faffffffffffff,8
550.894580796,USMsgRx,4915,2,0,b1faffffffffffff,8
551.635574918,USMsgRx,2423,2,0,affaffffffffffff,8
551.966592407,USMsgRx,4293,2,0,aefaffffffffffff,8
553.083498396,USMsgRx,2139,2,0,a7faffffffffffff,8
553.247029309,USMsgRx,3881,2,0,adfaffffffffffff,8
553.353319120,USMsgRx,1797,2,0,a5faffffffffffff,8
553.885391426,USMsgRx,4346,2,0,a1faffffffffffff,8
554.729679965,USMsgRx,415,2,0,a0faffffffffffff,8
554.943198025,USMsgRx,4971,2,0,9dfaffffffffffff,8
555.237382208,USMsgRx,2245,2,0,9cfaffffffffffff,8
557.116997273,USMsgRx,3087,2,0,95faffffffffffff,8
557.137922232,USMsgRx,4114,2,0,97faffffffffffff,8
557.540274834,USMsgRx,3295,2,0,93faffffffffffff,8
558.079890761,USMsgRx,951,2,0,92faffffffffffff,8
558.211447105,USMsgRx,850,2,0,90faffffffffffff,8
558.476215957,USMsgRx,2227,2,0,8efaffffffffffff,8
559.020926390,USMsgRx,946,2,0,8cfaffffffffffff,8
560.156566363,USMsgRx,1635,2,0,8afaffffffffffff,8
560.158131213,USMsgRx,1322,2,0,86faffffffffffff,8
560.765100103,USMsgRx,1593,2,0,8bfaffffffffffff,8
561.558499030,USMsgRx,3541,2,0,83faffffffffffff,8
562.493129861,USMsgRx,2367,2,0,82faffffffffffff,8
562.538127206,USMsgRx,4812,2,0,7dfaffffffffffff,8
562.561317489,USMsgRx,2974,2,0,80faffffffffffff,8
563.233189284,USMsgRx,4169,2,0,7cfaffffffffffff,8
563.364888827,USMsgRx,2161,2,0,74faffffffffffff,8
563.478442969,USMsgRx,1873,2,0,72faffffffffffff,8
563.924567941,USMsgRx,326,2,0,70faffffffffffff,8
564.035849453,USMsgRx,635,2,0,73faffffffffffff,8
564.095149912,USMsgRx,3615,2,0,6ffaffffffffffff,8
565.035562897,USMsgRx,3357,2,0,69faffffffffffff,8
565.229184222,USMsgRx,2127,2,0,6afaffffffffffff,8
565.295368435,USMsgRx,698,2,0,68faffffffffffff,8
565.598735549,USMsgRx,2779,2,0,6dfaffffffffffff,8
565.627229735,USMsgRx,3406,2,0,66faffffffffffff,8
565.937035002,USMsgRx,1870,2,0,67faffffffffffff,8
566.903284006,USMsgRx,3512,2,0,61faffffffffffff,8
567.104478048,USMsgRx,1560,2,0,65faffffffffffff,8
567.486624026,USMsgRx,3844,2,0,5dfaffffffffffff,8
568.375881872,USMsgRx,1808,2,0,5cfaffffffffffff,8
568.899458325,USMsgRx,1226,2,0,56faffffffffffff,8
569.486536874,USMsgRx,1289,2,0,55faffffffffffff,8
569.579440628,USMsgRx,1279,2,0,53faffffffffffff,8
569.580655811,USMsgRx,4713,2,0,5bfaffffffffffff,8
570.333031360,USMsgRx,777,2,0,52faffffffffffff,8
570.839542864,USMsgRx,271,2,0,4efaffffffffffff,8
571.000527225,USMsgRx,449,2,0,50faffffffffffff,8
571.312479855,USMsgRx,1529,2,0,4afaffffffffffff,8
572.495927785,USMsgRx,441,2,0,46faffffffffffff,8
572.791870931,USMsgRx,1886,2,0,45faffffffffffff,8
573.007583756,USMsgRx,407,2,0,42faffffffffffff,8
573.399413675,USMsgRx,626,2,0,44faffffffffffff,8
574.010996957,USMsgRx,1139,2,0,3efaffffffffffff,8
574.252417868,USMsgRx,2995,2,0,41faffffffffffff,8
574.477162404,USMsgRx,1613,2,0,39faffffffffffff,8
574.852702602,USMsgRx,2894,2,0,38faffffffffffff,8
575.687912808,USMsgRx,208,2,0,35faffffffffffff,8
576.076698020,USMsgRx,4830,2,0,37faffffffffffff,8
577.713721508,USMsgRx,2023,2,0,30faffffffffffff,8
577.966531056,USMsgRx,453,2,0,26faffffffffffff,8
578.275753143,USMsgRx,4205,2,0,27faffffffffffff,8
578.949020899,USMsgRx,575,2,0,20faffffffffffff,8
579.503731199,USMsgRx,1761,2,0,1bfaffffffffffff,8
579.884481512,USMsgRx,2524,2,0,19faffffffffffff,8
579.907280440,USMsgRx,1955,2,0,23faffffffffffff,8
580.637755864,USMsgRx,4033,2,0,18faffffffffffff,8
581.485601982,USMsgRx,532,2,0,11faffffffffffff,8
581.644944488,USMsgRx,96,2,0,12faffffffffffff,8
582.260461179,USMsgRx,556,2,0,0cfaffffffffffff,8
583.011252527,USMsgRx,1325,2,0,10faffffffffffff,8
583.121823093,USMsgRx,4084,2,0,08faffffffffffff,8
583.464013243,USMsgRx,1429,2,0,05faffffffffffff,8
583.531739772,USMsgRx,4577,2,0,04faffffffffffff,8
583.902623358,USMsgRx,44,2,0,03faffffffffffff,8
584.632442244,USMsgRx,4177,2,0,06faffffffffffff,8
584.816663986,USMsgRx,1817,2,0,00faffffffffffff,8
585.069941525,USMsgRx,1248,2,0,01faffffffffffff,8
585.497226634,USMsgRx,2238,2,0,fef9ffffffffffff,8
586.031618215,USMsgRx,3064,2,0,fff9ffffffffffff,8
586.112902217,USMsgRx,926,2,0,f9f9ffffffffffff,8
586.136540537,USMsgRx,3629,2,0,fcf9ffffffffffff,8
586.918879850,USMsgRx,3681,2,0,f2f9ffffffffffff,8
587.317934546,USMsgRx,654,2,0,f0f9ffffffffffff,8
587.417860080,USMsgRx,4439,2,0,f8f9ffffffffffff,8
587.533020154,USMsgRx,3297,2,0,edf9ffffffffffff,8
587.898121715,USMsgRx,1057,2,0,eff9ffffffffffff,8
588.235180480,USMsgRx,2058,2,0,eaf9ffffffffffff,8
589.353216222,USMsgRx,66,2,0,e4f9ffffffffffff,8
589.509362123,USMsgRx,1148,2,0,e9f9ffffffffffff,8
589.703592364,USMsgRx,4199,2,0,e6f9ffffffffffff,8
589.760134553,USMsgRx,810,2,0,e3f9ffffffffffff,8
590.001244698,USMsgRx,2926,2,0,e1f9ffffffffffff,8
590.534242912,USMsgRx,4537,2,0,e2f9ffffffffffff,8
590.686999554,USMsgRx,3395,2,0,ddf9ffffffffffff,8
591.494909897,USMsgRx,1599,2,0,e0f9ffffffffffff,8
591.526152135,USMsgRx,2527,2,0,daf9ffffffffffff,8
591.738895679,USMsgRx,3991,2,0,d8f9ffffffffffff,8
592.333628696,USMsgRx,2704,2,0,d4f9ffffffffffff,8
592.649930221,USMsgRx,3695,2,0,d1f9ffffffffffff,8
593.554133374,USMsgRx,4420,2,0,d0f9ffffffffffff,8
594.024133795,USMsgRx,4185,2,0,caf9ffffffffffff,8
594.307945823,USMsgRx,2006,2,0,cbf9ffffffffffff,8
594.374752154,USMsgRx,1892,2,0,cff9ffffffffffff,8
595.164600295,USMsgRx,1443,2,0,c3f9ffffffffffff,8
595.696512717,USMsgRx,2136,2,0,c2f9ffffffffffff,8
595.880342350,USMsgRx,787,2,0,c0f9ffffffffffff,8
597.060769328,USMsgRx,1258,2,0,bbf9ffffffffffff,8
597.371585683,USMsgRx,4718,2,0,bcf9ffffffffffff,8
597.787970253,USMsgRx,3685,2,0,b7f9ffffffffffff,8
598.438014574,USMsgRx,4251,2,0,baf9ffffffffffff,8
599.554851511,USMsgRx,1963,2,0,b4f9ffffffffffff,8
